name,age,gender,country name,registration_date
John Smith,25,male,United States,2023-01-15
Jane Doe,30,female,United States,2022-12-05
Michael Johnson,45,male,Canada,2021-08-20
Emily Davis,22,female,Australia,2023-03-15
David Wilson,35,male,united states,2022-01-10
Daniel Brown,50,male,United Kingdom,2021-11-01
Olivia Jones,28,female,Canada,2022-09-15
Ethan Miller,40,male,australia,2022-07-20
Ava Garcia,27,female,Japan,2023-04-06
James White,60,male,United States,2020-03-10
Mia Taylor,33,female,United Kingdom,2022-12-25
Alexander Clark,31,male,Australia,2023-04-01
Benjamin King,48,male,united states,2021-05-05
Charlotte Wright,29,female,Japan,2022-05-11
Liam Hill,36,male,United States,2023-03-22
Chloe Scott,24,female,United States,2023-08-08
Henry Adams,55,male,United Kingdom,2020-09-09
Zoe Baker,32,female,Australia,2022-10-18
Samuel Green,41,male,canada,2023-01-02
Lily Evans,26,female,United States,2021-07-17
Mason Taylor,38,male,United Kingdom,2022-06-30
Isabella Walker,23,female,United States,2023-04-20
Oliver Martinez,52,male,Australia,2021-09-03
Amelia Moore,30,female,Canada,2023-01-20
Elijah Young,44,male,united states,2022-10-10
Lucas Hernandez,20,male,United Kingdom,2022-07-07
Harper Lewis,37,female,United States,2022-08-25
Sebastian Turner,58,male,Australia,2021-12-19
Abigail Rodriguez,29,female,japan,2023-03-03
